time_period,rainfall,mean_temperature,location
202501,182.9983351,29.24348035,moz
202502,158.2356652,29.07978701,moz
202503,161.0745747,27.49783235,moz
202504,119.3215114,23.81071196,moz
202505,76.86101364,21.49041311,moz
202506,60.81586007,20.8086102,moz
202507,5.838736314,18.65109226,moz
202508,52.25220866,19.85558636,moz
202509,75.20826257,25.14109387,moz
202510,97.55157094,25.85397606,moz
202511,146.8886682,25.43076229,moz
202512,182.8760783,28.11302175,moz
