time_period,rainfall,mean_temperature
202501,182.9983351,29.24348035
202502,158.2356652,29.07978701
202503,161.0745747,27.49783235
202504,119.3215114,23.81071196
202505,76.86101364,21.49041311
202506,60.81586007,20.8086102
202507,5.838736314,18.65109226
202508,52.25220866,19.85558636
202509,75.20826257,25.14109387
202510,97.55157094,25.85397606
202511,146.8886682,25.43076229
202512,182.8760783,28.11302175
